{"note":"This file is an internal implementation detail to speed up HTML report generation. Its format can change at any time. You might be looking for the JSON report: https://coverage.rtfd.io/cmd.html#cmd-json","format":5,"version":"7.6.1","globals":"0df2641560f8adc8d35b82aa63af331e","files":{"z_a03d7ca8d953b534___init___py":{"hash":"7171e7e177425764dc5b22abd2d141e7","index":{"url":"z_a03d7ca8d953b534___init___py.html","file":"src\\flask\\__init__.py","description":"","nums":{"precision":0,"n_files":1,"n_statements":48,"n_excluded":0,"n_missing":4,"n_branches":2,"n_partial_branches":1,"n_missing_branches":1}}},"z_a03d7ca8d953b534___main___py":{"hash":"2174d5ca01dbdd0d0755a04411673239","index":{"url":"z_a03d7ca8d953b534___main___py.html","file":"src\\flask\\__main__.py","description":"","nums":{"precision":0,"n_files":1,"n_statements":2,"n_excluded":0,"n_missing":2,"n_branches":0,"n_partial_branches":0,"n_missing_branches":0}}},"z_a03d7ca8d953b534_app_py":{"hash":"6ea14d64e0980825a985a12a956917ea","index":{"url":"z_a03d7ca8d953b534_app_py.html","file":"src\\flask\\app.py","description":"","nums":{"precision":0,"n_files":1,"n_statements":396,"n_excluded":5,"n_missing":26,"n_branches":180,"n_partial_branches":17,"n_missing_branches":25}}},"z_a03d7ca8d953b534_cli_py":{"hash":"1bc0afe8eda6589d7250290c7893fcf9","index":{"url":"z_a03d7ca8d953b534_cli_py.html","file":"src\\flask\\cli.py","description":"","nums":{"precision":0,"n_files":1,"n_statements":440,"n_excluded":0,"n_missing":64,"n_branches":216,"n_partial_branches":23,"n_missing_branches":35}}},"z_a03d7ca8d953b534_config_py":{"hash":"521e59bf3d2c48b1a7d8af7edb1aa319","index":{"url":"z_a03d7ca8d953b534_config_py.html","file":"src\\flask\\config.py","description":"","nums":{"precision":0,"n_files":1,"n_statements":116,"n_excluded":0,"n_missing":4,"n_branches":54,"n_partial_branches":4,"n_missing_branches":4}}},"z_a03d7ca8d953b534_ctx_py":{"hash":"60b09a602aa65f658c67907b2325f2b1","index":{"url":"z_a03d7ca8d953b534_ctx_py.html","file":"src\\flask\\ctx.py","description":"","nums":{"precision":0,"n_files":1,"n_statements":152,"n_excluded":5,"n_missing":20,"n_branches":38,"n_partial_branches":7,"n_missing_branches":11}}},"z_a03d7ca8d953b534_debughelpers_py":{"hash":"06a0057b958e6976ffe7428c0401e32d","index":{"url":"z_a03d7ca8d953b534_debughelpers_py.html","file":"src\\flask\\debughelpers.py","description":"","nums":{"precision":0,"n_files":1,"n_statements":90,"n_excluded":0,"n_missing":12,"n_branches":41,"n_partial_branches":12,"n_missing_branches":14}}},"z_a03d7ca8d953b534_globals_py":{"hash":"7bcece819a41a8f31d589a818334e32d","index":{"url":"z_a03d7ca8d953b534_globals_py.html","file":"src\\flask\\globals.py","description":"","nums":{"precision":0,"n_files":1,"n_statements":14,"n_excluded":7,"n_missing":0,"n_branches":0,"n_partial_branches":0,"n_missing_branches":0}}},"z_a03d7ca8d953b534_helpers_py":{"hash":"eff6498f1c821e81331284f36c12e16d","index":{"url":"z_a03d7ca8d953b534_helpers_py.html","file":"src\\flask\\helpers.py","description":"","nums":{"precision":0,"n_files":1,"n_statements":121,"n_excluded":2,"n_missing":6,"n_branches":48,"n_partial_branches":5,"n_missing_branches":7}}},"z_6327fd37308ef3bd___init___py":{"hash":"97becf85d72ab3cc626c708097a56581","index":{"url":"z_6327fd37308ef3bd___init___py.html","file":"src\\flask\\json\\__init__.py","description":"","nums":{"precision":0,"n_files":1,"n_statements":25,"n_excluded":2,"n_missing":3,"n_branches":8,"n_partial_branches":2,"n_missing_branches":2}}},"z_6327fd37308ef3bd_provider_py":{"hash":"e1b55ec191d6e62d8abebed7a52e375d","index":{"url":"z_6327fd37308ef3bd_provider_py.html","file":"src\\flask\\json\\provider.py","description":"","nums":{"precision":0,"n_files":1,"n_statements":66,"n_excluded":3,"n_missing":6,"n_branches":16,"n_partial_branches":2,"n_missing_branches":2}}},"z_6327fd37308ef3bd_tag_py":{"hash":"bbe0a80a04dd4275e4d0973da09d5c73","index":{"url":"z_6327fd37308ef3bd_tag_py.html","file":"src\\flask\\json\\tag.py","description":"","nums":{"precision":0,"n_files":1,"n_statements":135,"n_excluded":0,"n_missing":0,"n_branches":30,"n_partial_branches":0,"n_missing_branches":0}}},"z_a03d7ca8d953b534_logging_py":{"hash":"96bcb28aea821703ffd25fb0f659ff65","index":{"url":"z_a03d7ca8d953b534_logging_py.html","file":"src\\flask\\logging.py","description":"","nums":{"precision":0,"n_files":1,"n_statements":30,"n_excluded":2,"n_missing":0,"n_branches":15,"n_partial_branches":0,"n_missing_branches":0}}},"z_a05f85c8520951cb_app_py":{"hash":"33ee5588da40e4d8ce78762b5d7c6287","index":{"url":"z_a05f85c8520951cb_app_py.html","file":"src\\flask\\sansio\\app.py","description":"","nums":{"precision":0,"n_files":1,"n_statements":236,"n_excluded":5,"n_missing":8,"n_branches":98,"n_partial_branches":4,"n_missing_branches":6}}},"z_a05f85c8520951cb_blueprints_py":{"hash":"1756515796bf3d9cfe73dae301fc405e","index":{"url":"z_a05f85c8520951cb_blueprints_py.html","file":"src\\flask\\sansio\\blueprints.py","description":"","nums":{"precision":0,"n_files":1,"n_statements":226,"n_excluded":2,"n_missing":4,"n_branches":118,"n_partial_branches":8,"n_missing_branches":8}}},"z_a05f85c8520951cb_scaffold_py":{"hash":"b32312ff77566b0eb696b247865df762","index":{"url":"z_a05f85c8520951cb_scaffold_py.html","file":"src\\flask\\sansio\\scaffold.py","description":"","nums":{"precision":0,"n_files":1,"n_statements":213,"n_excluded":2,"n_missing":12,"n_branches":90,"n_partial_branches":5,"n_missing_branches":9}}},"z_a03d7ca8d953b534_sessions_py":{"hash":"84a3b9d0984d8f78fdfab72571932493","index":{"url":"z_a03d7ca8d953b534_sessions_py.html","file":"src\\flask\\sessions.py","description":"","nums":{"precision":0,"n_files":1,"n_statements":118,"n_excluded":5,"n_missing":3,"n_branches":20,"n_partial_branches":0,"n_missing_branches":0}}},"z_a03d7ca8d953b534_signals_py":{"hash":"ff1dbf1563b5d3c9effd48f885726843","index":{"url":"z_a03d7ca8d953b534_signals_py.html","file":"src\\flask\\signals.py","description":"","nums":{"precision":0,"n_files":1,"n_statements":13,"n_excluded":0,"n_missing":0,"n_branches":0,"n_partial_branches":0,"n_missing_branches":0}}},"z_a03d7ca8d953b534_templating_py":{"hash":"b22c66fc17104e7fd5afccb61c8a8541","index":{"url":"z_a03d7ca8d953b534_templating_py.html","file":"src\\flask\\templating.py","description":"","nums":{"precision":0,"n_files":1,"n_statements":110,"n_excluded":4,"n_missing":6,"n_branches":32,"n_partial_branches":8,"n_missing_branches":10}}},"z_a03d7ca8d953b534_testing_py":{"hash":"7d567866d8ed06788197b3c169084f18","index":{"url":"z_a03d7ca8d953b534_testing_py.html","file":"src\\flask\\testing.py","description":"","nums":{"precision":0,"n_files":1,"n_statements":112,"n_excluded":4,"n_missing":4,"n_branches":40,"n_partial_branches":3,"n_missing_branches":3}}},"z_a03d7ca8d953b534_typing_py":{"hash":"925d0e85c2ac43057f49a0dbcab65280","index":{"url":"z_a03d7ca8d953b534_typing_py.html","file":"src\\flask\\typing.py","description":"","nums":{"precision":0,"n_files":1,"n_statements":21,"n_excluded":4,"n_missing":0,"n_branches":0,"n_partial_branches":0,"n_missing_branches":0}}},"z_a03d7ca8d953b534_views_py":{"hash":"df82df6d63fa5c90ba90fa7e670e2531","index":{"url":"z_a03d7ca8d953b534_views_py.html","file":"src\\flask\\views.py","description":"","nums":{"precision":0,"n_files":1,"n_statements":54,"n_excluded":0,"n_missing":1,"n_branches":22,"n_partial_branches":1,"n_missing_branches":1}}},"z_a03d7ca8d953b534_wrappers_py":{"hash":"7f59f26e022c647b0098254b02099de1","index":{"url":"z_a03d7ca8d953b534_wrappers_py.html","file":"src\\flask\\wrappers.py","description":"","nums":{"precision":0,"n_files":1,"n_statements":57,"n_excluded":2,"n_missing":1,"n_branches":24,"n_partial_branches":1,"n_missing_branches":1}}}}}