{"note":"This file is an internal implementation detail to speed up HTML report generation. Its format can change at any time. You might be looking for the JSON report: https://coverage.rtfd.io/cmd.html#cmd-json","format":5,"version":"7.6.1","globals":"bc453e8e40505a69ebc5b84cc0a6c890","files":{"z_206dcf2bcbaa8631__jb_pytest_runner_py":{"hash":"44589a6046b3bd1d61fe7a1355bad161","index":{"url":"z_206dcf2bcbaa8631__jb_pytest_runner_py.html","file":"C:\\Program Files\\JetBrains\\PyCharm 2024.2.1\\plugins\\python-ce\\helpers\\pycharm\\_jb_pytest_runner.py","description":"","nums":{"precision":0,"n_files":1,"n_statements":45,"n_excluded":0,"n_missing":8,"n_branches":0,"n_partial_branches":0,"n_missing_branches":0}}},"z_206dcf2bcbaa8631__jb_runner_tools_py":{"hash":"d03339e11bedf841db1165950755f51e","index":{"url":"z_206dcf2bcbaa8631__jb_runner_tools_py.html","file":"C:\\Program Files\\JetBrains\\PyCharm 2024.2.1\\plugins\\python-ce\\helpers\\pycharm\\_jb_runner_tools.py","description":"","nums":{"precision":0,"n_files":1,"n_statements":204,"n_excluded":0,"n_missing":57,"n_branches":0,"n_partial_branches":0,"n_missing_branches":0}}},"z_206dcf2bcbaa8631__jb_serial_tree_manager_py":{"hash":"9b00834be385da743fd97ae0c3dc04fd","index":{"url":"z_206dcf2bcbaa8631__jb_serial_tree_manager_py.html","file":"C:\\Program Files\\JetBrains\\PyCharm 2024.2.1\\plugins\\python-ce\\helpers\\pycharm\\_jb_serial_tree_manager.py","description":"","nums":{"precision":0,"n_files":1,"n_statements":57,"n_excluded":0,"n_missing":8,"n_branches":0,"n_partial_branches":0,"n_missing_branches":0}}},"z_206dcf2bcbaa8631__jb_utils_py":{"hash":"39ffb50318b4c8bb818d2036b0137d0d","index":{"url":"z_206dcf2bcbaa8631__jb_utils_py.html","file":"C:\\Program Files\\JetBrains\\PyCharm 2024.2.1\\plugins\\python-ce\\helpers\\pycharm\\_jb_utils.py","description":"","nums":{"precision":0,"n_files":1,"n_statements":71,"n_excluded":0,"n_missing":34,"n_branches":0,"n_partial_branches":0,"n_missing_branches":0}}},"z_fc11f8475273a49d___init___py":{"hash":"269b68ba3afbbf0d5cefcce7be758e01","index":{"url":"z_fc11f8475273a49d___init___py.html","file":"C:\\Program Files\\JetBrains\\PyCharm 2024.2.1\\plugins\\python-ce\\helpers\\pycharm\\teamcity\\__init__.py","description":"","nums":{"precision":0,"n_files":1,"n_statements":6,"n_excluded":0,"n_missing":0,"n_branches":0,"n_partial_branches":0,"n_missing_branches":0}}},"z_fc11f8475273a49d_common_py":{"hash":"1f87503897e4c5f3abb9807336a5be69","index":{"url":"z_fc11f8475273a49d_common_py.html","file":"C:\\Program Files\\JetBrains\\PyCharm 2024.2.1\\plugins\\python-ce\\helpers\\pycharm\\teamcity\\common.py","description":"","nums":{"precision":0,"n_files":1,"n_statements":98,"n_excluded":0,"n_missing":60,"n_branches":0,"n_partial_branches":0,"n_missing_branches":0}}},"z_fc11f8475273a49d_diff_tools_py":{"hash":"e314a4d5f61bc0be89edf2b14443c11f","index":{"url":"z_fc11f8475273a49d_diff_tools_py.html","file":"C:\\Program Files\\JetBrains\\PyCharm 2024.2.1\\plugins\\python-ce\\helpers\\pycharm\\teamcity\\diff_tools.py","description":"","nums":{"precision":0,"n_files":1,"n_statements":62,"n_excluded":0,"n_missing":36,"n_branches":0,"n_partial_branches":0,"n_missing_branches":0}}},"z_fc11f8475273a49d_messages_py":{"hash":"b8820b69e04a2f4cb5df4f65d9ba697e","index":{"url":"z_fc11f8475273a49d_messages_py.html","file":"C:\\Program Files\\JetBrains\\PyCharm 2024.2.1\\plugins\\python-ce\\helpers\\pycharm\\teamcity\\messages.py","description":"","nums":{"precision":0,"n_files":1,"n_statements":154,"n_excluded":0,"n_missing":60,"n_branches":0,"n_partial_branches":0,"n_missing_branches":0}}},"z_fc11f8475273a49d_pytest_plugin_py":{"hash":"b8fcd7372cc99c557a06900194988550","index":{"url":"z_fc11f8475273a49d_pytest_plugin_py.html","file":"C:\\Program Files\\JetBrains\\PyCharm 2024.2.1\\plugins\\python-ce\\helpers\\pycharm\\teamcity\\pytest_plugin.py","description":"","nums":{"precision":0,"n_files":1,"n_statements":293,"n_excluded":0,"n_missing":149,"n_branches":0,"n_partial_branches":0,"n_missing_branches":0}}},"z_aed34357ac0ecd67_my_config_py":{"hash":"c058b4d439f2b2b213e453f913c0e7d4","index":{"url":"z_aed34357ac0ecd67_my_config_py.html","file":"C:\\Users\\harry\\AppData\\Local\\Temp\\pytest-of-harry\\pytest-4\\test_from_pyfile_weird_encodin0\\my_config.py","description":"","nums":{"precision":0,"n_files":1,"n_statements":1,"n_excluded":0,"n_missing":0,"n_branches":0,"n_partial_branches":0,"n_missing_branches":0}}},"z_d60d9fd2a784061a_my_config_py":{"hash":"e81dc8453a34db981be28095292705af","index":{"url":"z_d60d9fd2a784061a_my_config_py.html","file":"C:\\Users\\harry\\AppData\\Local\\Temp\\pytest-of-harry\\pytest-4\\test_from_pyfile_weird_encodin1\\my_config.py","description":"","nums":{"precision":0,"n_files":1,"n_statements":1,"n_excluded":0,"n_missing":0,"n_branches":0,"n_partial_branches":0,"n_missing_branches":0}}},"z_08289037e942902d_my_config_py":{"hash":"732d44657c06e21d3f72fd308f86324b","index":{"url":"z_08289037e942902d_my_config_py.html","file":"C:\\Users\\harry\\AppData\\Local\\Temp\\pytest-of-harry\\pytest-4\\test_from_pyfile_weird_encodin2\\my_config.py","description":"","nums":{"precision":0,"n_files":1,"n_statements":1,"n_excluded":0,"n_missing":0,"n_branches":0,"n_partial_branches":0,"n_missing_branches":0}}},"z_c5b784f0ea1ccc6f_site_app_py":{"hash":"89020dbaa9a56049fed61a4c40fb3daa","index":{"url":"z_c5b784f0ea1ccc6f_site_app_py.html","file":"C:\\Users\\harry\\AppData\\Local\\Temp\\pytest-of-harry\\pytest-4\\test_installed_module_paths_Fa0\\modules_tmp\\lib\\python3.11\\site-packages\\site_app.py","description":"","nums":{"precision":0,"n_files":1,"n_statements":2,"n_excluded":0,"n_missing":0,"n_branches":0,"n_partial_branches":0,"n_missing_branches":0}}},"z_ab9119a3a5adb016_site_app_py":{"hash":"89020dbaa9a56049fed61a4c40fb3daa","index":{"url":"z_ab9119a3a5adb016_site_app_py.html","file":"C:\\Users\\harry\\AppData\\Local\\Temp\\pytest-of-harry\\pytest-4\\test_installed_module_paths_Tr0\\modules_tmp\\lib\\python3.11\\site-packages\\site_app.py","description":"","nums":{"precision":0,"n_files":1,"n_statements":2,"n_excluded":0,"n_missing":0,"n_branches":0,"n_partial_branches":0,"n_missing_branches":0}}},"z_1e6922dc3cde1ea1___init___py":{"hash":"89020dbaa9a56049fed61a4c40fb3daa","index":{"url":"z_1e6922dc3cde1ea1___init___py.html","file":"C:\\Users\\harry\\AppData\\Local\\Temp\\pytest-of-harry\\pytest-4\\test_installed_package_paths_F0\\modules_tmp\\path\\installed_package\\__init__.py","description":"","nums":{"precision":0,"n_files":1,"n_statements":2,"n_excluded":0,"n_missing":0,"n_branches":0,"n_partial_branches":0,"n_missing_branches":0}}},"z_81d3a2b6c2f7163e___init___py":{"hash":"89020dbaa9a56049fed61a4c40fb3daa","index":{"url":"z_81d3a2b6c2f7163e___init___py.html","file":"C:\\Users\\harry\\AppData\\Local\\Temp\\pytest-of-harry\\pytest-4\\test_installed_package_paths_T0\\modules_tmp\\path\\installed_package\\__init__.py","description":"","nums":{"precision":0,"n_files":1,"n_statements":2,"n_excluded":0,"n_missing":0,"n_branches":0,"n_partial_branches":0,"n_missing_branches":0}}},"z_1ea6a561997def23___init___py":{"hash":"89020dbaa9a56049fed61a4c40fb3daa","index":{"url":"z_1ea6a561997def23___init___py.html","file":"C:\\Users\\harry\\AppData\\Local\\Temp\\pytest-of-harry\\pytest-4\\test_prefix_package_paths_Fals0\\modules_tmp\\lib\\python3.11\\site-packages\\site_package\\__init__.py","description":"","nums":{"precision":0,"n_files":1,"n_statements":2,"n_excluded":0,"n_missing":0,"n_branches":0,"n_partial_branches":0,"n_missing_branches":0}}},"z_99f59cc1c0df3bdd___init___py":{"hash":"89020dbaa9a56049fed61a4c40fb3daa","index":{"url":"z_99f59cc1c0df3bdd___init___py.html","file":"C:\\Users\\harry\\AppData\\Local\\Temp\\pytest-of-harry\\pytest-4\\test_prefix_package_paths_True0\\modules_tmp\\lib\\python3.11\\site-packages\\site_package\\__init__.py","description":"","nums":{"precision":0,"n_files":1,"n_statements":2,"n_excluded":0,"n_missing":0,"n_branches":0,"n_partial_branches":0,"n_missing_branches":0}}},"z_8ed661b4f8a010a4_config_module_app_py":{"hash":"36f838a93f7e361fb095d5a478ed82ed","index":{"url":"z_8ed661b4f8a010a4_config_module_app_py.html","file":"C:\\Users\\harry\\AppData\\Local\\Temp\\pytest-of-harry\\pytest-4\\test_uninstalled_module_paths0\\modules_tmp\\config_module_app.py","description":"","nums":{"precision":0,"n_files":1,"n_statements":4,"n_excluded":0,"n_missing":0,"n_branches":0,"n_partial_branches":0,"n_missing_branches":0}}},"z_9b547e1c1d742f79___init___py":{"hash":"89020dbaa9a56049fed61a4c40fb3daa","index":{"url":"z_9b547e1c1d742f79___init___py.html","file":"C:\\Users\\harry\\AppData\\Local\\Temp\\pytest-of-harry\\pytest-4\\test_uninstalled_namespace_pat0\\project-package2\\namespace\\package2\\__init__.py","description":"","nums":{"precision":0,"n_files":1,"n_statements":2,"n_excluded":0,"n_missing":0,"n_branches":0,"n_partial_branches":0,"n_missing_branches":0}}},"z_9c25dd17fedb5cc9___init___py":{"hash":"36f838a93f7e361fb095d5a478ed82ed","index":{"url":"z_9c25dd17fedb5cc9___init___py.html","file":"C:\\Users\\harry\\AppData\\Local\\Temp\\pytest-of-harry\\pytest-4\\test_uninstalled_package_paths0\\modules_tmp\\config_package_app\\__init__.py","description":"","nums":{"precision":0,"n_files":1,"n_statements":4,"n_excluded":0,"n_missing":0,"n_branches":0,"n_partial_branches":0,"n_missing_branches":0}}},"z_423c48f15cc0a957___init___py":{"hash":"5cadff0d18fd84a0f9c22c545092cc26","index":{"url":"z_423c48f15cc0a957___init___py.html","file":"C:\\dev\\LOG3430\\TP1\\flask-main\\flask-main\\src\\flask\\__init__.py","description":"","nums":{"precision":0,"n_files":1,"n_statements":48,"n_excluded":0,"n_missing":4,"n_branches":0,"n_partial_branches":0,"n_missing_branches":0}}},"z_423c48f15cc0a957_app_py":{"hash":"580d9c6819bec752920dcc9f74c18ecf","index":{"url":"z_423c48f15cc0a957_app_py.html","file":"C:\\dev\\LOG3430\\TP1\\flask-main\\flask-main\\src\\flask\\app.py","description":"","nums":{"precision":0,"n_files":1,"n_statements":396,"n_excluded":5,"n_missing":26,"n_branches":0,"n_partial_branches":0,"n_missing_branches":0}}},"z_423c48f15cc0a957_blueprints_py":{"hash":"153f03258f901819fbc3fef80557b317","index":{"url":"z_423c48f15cc0a957_blueprints_py.html","file":"C:\\dev\\LOG3430\\TP1\\flask-main\\flask-main\\src\\flask\\blueprints.py","description":"","nums":{"precision":0,"n_files":1,"n_statements":34,"n_excluded":2,"n_missing":8,"n_branches":0,"n_partial_branches":0,"n_missing_branches":0}}},"z_423c48f15cc0a957_cli_py":{"hash":"129b824a988cc694b7db18c78a3a86f2","index":{"url":"z_423c48f15cc0a957_cli_py.html","file":"C:\\dev\\LOG3430\\TP1\\flask-main\\flask-main\\src\\flask\\cli.py","description":"","nums":{"precision":0,"n_files":1,"n_statements":440,"n_excluded":0,"n_missing":64,"n_branches":0,"n_partial_branches":0,"n_missing_branches":0}}},"z_423c48f15cc0a957_config_py":{"hash":"4dc65ff634095603b7a552fba285cd7b","index":{"url":"z_423c48f15cc0a957_config_py.html","file":"C:\\dev\\LOG3430\\TP1\\flask-main\\flask-main\\src\\flask\\config.py","description":"","nums":{"precision":0,"n_files":1,"n_statements":116,"n_excluded":0,"n_missing":4,"n_branches":0,"n_partial_branches":0,"n_missing_branches":0}}},"z_423c48f15cc0a957_ctx_py":{"hash":"b0d1fc63ee95e178a2785b1671be6af5","index":{"url":"z_423c48f15cc0a957_ctx_py.html","file":"C:\\dev\\LOG3430\\TP1\\flask-main\\flask-main\\src\\flask\\ctx.py","description":"","nums":{"precision":0,"n_files":1,"n_statements":152,"n_excluded":5,"n_missing":20,"n_branches":0,"n_partial_branches":0,"n_missing_branches":0}}},"z_423c48f15cc0a957_debughelpers_py":{"hash":"73ff9fe86220b2ed0a7e836250a79132","index":{"url":"z_423c48f15cc0a957_debughelpers_py.html","file":"C:\\dev\\LOG3430\\TP1\\flask-main\\flask-main\\src\\flask\\debughelpers.py","description":"","nums":{"precision":0,"n_files":1,"n_statements":90,"n_excluded":0,"n_missing":12,"n_branches":0,"n_partial_branches":0,"n_missing_branches":0}}},"z_423c48f15cc0a957_globals_py":{"hash":"8bc8e9debeb0f1763080b1770854a79f","index":{"url":"z_423c48f15cc0a957_globals_py.html","file":"C:\\dev\\LOG3430\\TP1\\flask-main\\flask-main\\src\\flask\\globals.py","description":"","nums":{"precision":0,"n_files":1,"n_statements":14,"n_excluded":7,"n_missing":0,"n_branches":0,"n_partial_branches":0,"n_missing_branches":0}}},"z_423c48f15cc0a957_helpers_py":{"hash":"4aefbadfc5fc84386126bfc2260b0ece","index":{"url":"z_423c48f15cc0a957_helpers_py.html","file":"C:\\dev\\LOG3430\\TP1\\flask-main\\flask-main\\src\\flask\\helpers.py","description":"","nums":{"precision":0,"n_files":1,"n_statements":121,"n_excluded":2,"n_missing":6,"n_branches":0,"n_partial_branches":0,"n_missing_branches":0}}},"z_da26b8ca53021f66___init___py":{"hash":"67f4a9cce2a5e0033a0eb6ead45094f8","index":{"url":"z_da26b8ca53021f66___init___py.html","file":"C:\\dev\\LOG3430\\TP1\\flask-main\\flask-main\\src\\flask\\json\\__init__.py","description":"","nums":{"precision":0,"n_files":1,"n_statements":25,"n_excluded":2,"n_missing":3,"n_branches":0,"n_partial_branches":0,"n_missing_branches":0}}},"z_da26b8ca53021f66_provider_py":{"hash":"e1a7fa1d56d426f9d34e54beef898be4","index":{"url":"z_da26b8ca53021f66_provider_py.html","file":"C:\\dev\\LOG3430\\TP1\\flask-main\\flask-main\\src\\flask\\json\\provider.py","description":"","nums":{"precision":0,"n_files":1,"n_statements":66,"n_excluded":3,"n_missing":6,"n_branches":0,"n_partial_branches":0,"n_missing_branches":0}}},"z_da26b8ca53021f66_tag_py":{"hash":"ec9288080a7974deb3c82d919d6c0ad6","index":{"url":"z_da26b8ca53021f66_tag_py.html","file":"C:\\dev\\LOG3430\\TP1\\flask-main\\flask-main\\src\\flask\\json\\tag.py","description":"","nums":{"precision":0,"n_files":1,"n_statements":135,"n_excluded":0,"n_missing":0,"n_branches":0,"n_partial_branches":0,"n_missing_branches":0}}},"z_423c48f15cc0a957_logging_py":{"hash":"d22aaf4ce35181ef423293c12a806be2","index":{"url":"z_423c48f15cc0a957_logging_py.html","file":"C:\\dev\\LOG3430\\TP1\\flask-main\\flask-main\\src\\flask\\logging.py","description":"","nums":{"precision":0,"n_files":1,"n_statements":30,"n_excluded":2,"n_missing":0,"n_branches":0,"n_partial_branches":0,"n_missing_branches":0}}},"z_2ef6d51987258a71_app_py":{"hash":"b8ec0a9b24cb97e087b864b416a28675","index":{"url":"z_2ef6d51987258a71_app_py.html","file":"C:\\dev\\LOG3430\\TP1\\flask-main\\flask-main\\src\\flask\\sansio\\app.py","description":"","nums":{"precision":0,"n_files":1,"n_statements":236,"n_excluded":5,"n_missing":8,"n_branches":0,"n_partial_branches":0,"n_missing_branches":0}}},"z_2ef6d51987258a71_blueprints_py":{"hash":"a696917efb168a9ffa023f6269e04351","index":{"url":"z_2ef6d51987258a71_blueprints_py.html","file":"C:\\dev\\LOG3430\\TP1\\flask-main\\flask-main\\src\\flask\\sansio\\blueprints.py","description":"","nums":{"precision":0,"n_files":1,"n_statements":226,"n_excluded":2,"n_missing":4,"n_branches":0,"n_partial_branches":0,"n_missing_branches":0}}},"z_2ef6d51987258a71_scaffold_py":{"hash":"129214e2bb20ebba021f5e01d5f89ccf","index":{"url":"z_2ef6d51987258a71_scaffold_py.html","file":"C:\\dev\\LOG3430\\TP1\\flask-main\\flask-main\\src\\flask\\sansio\\scaffold.py","description":"","nums":{"precision":0,"n_files":1,"n_statements":213,"n_excluded":2,"n_missing":12,"n_branches":0,"n_partial_branches":0,"n_missing_branches":0}}},"z_423c48f15cc0a957_sessions_py":{"hash":"ff0064724f55bf0e091fa5dbda160b66","index":{"url":"z_423c48f15cc0a957_sessions_py.html","file":"C:\\dev\\LOG3430\\TP1\\flask-main\\flask-main\\src\\flask\\sessions.py","description":"","nums":{"precision":0,"n_files":1,"n_statements":118,"n_excluded":5,"n_missing":3,"n_branches":0,"n_partial_branches":0,"n_missing_branches":0}}},"z_423c48f15cc0a957_signals_py":{"hash":"b4fcf4221770cb3c39a5b2ef5e511a9b","index":{"url":"z_423c48f15cc0a957_signals_py.html","file":"C:\\dev\\LOG3430\\TP1\\flask-main\\flask-main\\src\\flask\\signals.py","description":"","nums":{"precision":0,"n_files":1,"n_statements":13,"n_excluded":0,"n_missing":0,"n_branches":0,"n_partial_branches":0,"n_missing_branches":0}}},"z_423c48f15cc0a957_templating_py":{"hash":"9ef3be37ce4977b1c35427f00938e681","index":{"url":"z_423c48f15cc0a957_templating_py.html","file":"C:\\dev\\LOG3430\\TP1\\flask-main\\flask-main\\src\\flask\\templating.py","description":"","nums":{"precision":0,"n_files":1,"n_statements":110,"n_excluded":4,"n_missing":6,"n_branches":0,"n_partial_branches":0,"n_missing_branches":0}}},"z_423c48f15cc0a957_testing_py":{"hash":"0a039d82ddc47bf68eb8cffd56d18394","index":{"url":"z_423c48f15cc0a957_testing_py.html","file":"C:\\dev\\LOG3430\\TP1\\flask-main\\flask-main\\src\\flask\\testing.py","description":"","nums":{"precision":0,"n_files":1,"n_statements":112,"n_excluded":4,"n_missing":4,"n_branches":0,"n_partial_branches":0,"n_missing_branches":0}}},"z_423c48f15cc0a957_typing_py":{"hash":"7132901caec1f8533c496e79122e91aa","index":{"url":"z_423c48f15cc0a957_typing_py.html","file":"C:\\dev\\LOG3430\\TP1\\flask-main\\flask-main\\src\\flask\\typing.py","description":"","nums":{"precision":0,"n_files":1,"n_statements":21,"n_excluded":4,"n_missing":0,"n_branches":0,"n_partial_branches":0,"n_missing_branches":0}}},"z_423c48f15cc0a957_views_py":{"hash":"cd1aa87b415dbd90f6b20ee88e592a49","index":{"url":"z_423c48f15cc0a957_views_py.html","file":"C:\\dev\\LOG3430\\TP1\\flask-main\\flask-main\\src\\flask\\views.py","description":"","nums":{"precision":0,"n_files":1,"n_statements":54,"n_excluded":0,"n_missing":1,"n_branches":0,"n_partial_branches":0,"n_missing_branches":0}}},"z_423c48f15cc0a957_wrappers_py":{"hash":"3fc243d2bd7f85b0206b041605856377","index":{"url":"z_423c48f15cc0a957_wrappers_py.html","file":"C:\\dev\\LOG3430\\TP1\\flask-main\\flask-main\\src\\flask\\wrappers.py","description":"","nums":{"precision":0,"n_files":1,"n_statements":57,"n_excluded":2,"n_missing":1,"n_branches":0,"n_partial_branches":0,"n_missing_branches":0}}},"z_0686341fde005b94_conftest_py":{"hash":"e874fb638a7909c37ecfe525e579373c","index":{"url":"z_0686341fde005b94_conftest_py.html","file":"C:\\dev\\LOG3430\\TP1\\flask-main\\flask-main\\tests\\conftest.py","description":"","nums":{"precision":0,"n_files":1,"n_statements":88,"n_excluded":0,"n_missing":8,"n_branches":0,"n_partial_branches":0,"n_missing_branches":0}}},"z_fc5e9244c4555f7b_template_filter_html":{"hash":"2fb388fd215b80485065f93042b6b097","index":{"url":"z_fc5e9244c4555f7b_template_filter_html.html","file":"C:\\dev\\LOG3430\\TP1\\flask-main\\flask-main\\tests\\templates\\template_filter.html","description":"","nums":{"precision":0,"n_files":1,"n_statements":1,"n_excluded":0,"n_missing":0,"n_branches":0,"n_partial_branches":0,"n_missing_branches":0}}},"z_0686341fde005b94_test_appctx_py":{"hash":"36c7ce05175ad917e55b01f1428ba938","index":{"url":"z_0686341fde005b94_test_appctx_py.html","file":"C:\\dev\\LOG3430\\TP1\\flask-main\\flask-main\\tests\\test_appctx.py","description":"","nums":{"precision":0,"n_files":1,"n_statements":143,"n_excluded":0,"n_missing":2,"n_branches":0,"n_partial_branches":0,"n_missing_branches":0}}},"z_9f203bc2af550cf0___init___py":{"hash":"2f4847b265b99dd27b9da666d5ac4e07","index":{"url":"z_9f203bc2af550cf0___init___py.html","file":"C:\\dev\\LOG3430\\TP1\\flask-main\\flask-main\\tests\\test_apps\\blueprintapp\\__init__.py","description":"","nums":{"precision":0,"n_files":1,"n_statements":7,"n_excluded":0,"n_missing":0,"n_branches":0,"n_partial_branches":0,"n_missing_branches":0}}},"z_8fa9e838cae8bc54___init___py":{"hash":"e6baa73cda2916dad605215f937a92e1","index":{"url":"z_8fa9e838cae8bc54___init___py.html","file":"C:\\dev\\LOG3430\\TP1\\flask-main\\flask-main\\tests\\test_apps\\blueprintapp\\apps\\__init__.py","description":"","nums":{"precision":0,"n_files":1,"n_statements":0,"n_excluded":0,"n_missing":0,"n_branches":0,"n_partial_branches":0,"n_missing_branches":0}}},"z_82148f98776d1a4b___init___py":{"hash":"f428fb0e0b4992fa87971aea63a201ae","index":{"url":"z_82148f98776d1a4b___init___py.html","file":"C:\\dev\\LOG3430\\TP1\\flask-main\\flask-main\\tests\\test_apps\\blueprintapp\\apps\\admin\\__init__.py","description":"","nums":{"precision":0,"n_files":1,"n_statements":9,"n_excluded":0,"n_missing":0,"n_branches":0,"n_partial_branches":0,"n_missing_branches":0}}},"z_9c5ee7133301cbcc___init___py":{"hash":"5699951f05638d855c38e7b37131c65e","index":{"url":"z_9c5ee7133301cbcc___init___py.html","file":"C:\\dev\\LOG3430\\TP1\\flask-main\\flask-main\\tests\\test_apps\\blueprintapp\\apps\\frontend\\__init__.py","description":"","nums":{"precision":0,"n_files":1,"n_statements":9,"n_excluded":0,"n_missing":0,"n_branches":0,"n_partial_branches":0,"n_missing_branches":0}}},"z_01ac4f66d67db1b2___init___py":{"hash":"e6baa73cda2916dad605215f937a92e1","index":{"url":"z_01ac4f66d67db1b2___init___py.html","file":"C:\\dev\\LOG3430\\TP1\\flask-main\\flask-main\\tests\\test_apps\\cliapp\\__init__.py","description":"","nums":{"precision":0,"n_files":1,"n_statements":0,"n_excluded":0,"n_missing":0,"n_branches":0,"n_partial_branches":0,"n_missing_branches":0}}},"z_01ac4f66d67db1b2_app_py":{"hash":"0687f6f2a230c65ef084125d175b05d6","index":{"url":"z_01ac4f66d67db1b2_app_py.html","file":"C:\\dev\\LOG3430\\TP1\\flask-main\\flask-main\\tests\\test_apps\\cliapp\\app.py","description":"","nums":{"precision":0,"n_files":1,"n_statements":2,"n_excluded":0,"n_missing":0,"n_branches":0,"n_partial_branches":0,"n_missing_branches":0}}},"z_01ac4f66d67db1b2_factory_py":{"hash":"a81248adb2e87dd572abc47d2e9ca977","index":{"url":"z_01ac4f66d67db1b2_factory_py.html","file":"C:\\dev\\LOG3430\\TP1\\flask-main\\flask-main\\tests\\test_apps\\cliapp\\factory.py","description":"","nums":{"precision":0,"n_files":1,"n_statements":7,"n_excluded":0,"n_missing":0,"n_branches":0,"n_partial_branches":0,"n_missing_branches":0}}},"z_01ac4f66d67db1b2_importerrorapp_py":{"hash":"7f15da55f2c68a039b3d690376b7c91b","index":{"url":"z_01ac4f66d67db1b2_importerrorapp_py.html","file":"C:\\dev\\LOG3430\\TP1\\flask-main\\flask-main\\tests\\test_apps\\cliapp\\importerrorapp.py","description":"","nums":{"precision":0,"n_files":1,"n_statements":2,"n_excluded":0,"n_missing":0,"n_branches":0,"n_partial_branches":0,"n_missing_branches":0}}},"z_7b3578e3f76a7fbe_hello_py":{"hash":"32b61a8382269c6e54ed01c29d25230b","index":{"url":"z_7b3578e3f76a7fbe_hello_py.html","file":"C:\\dev\\LOG3430\\TP1\\flask-main\\flask-main\\tests\\test_apps\\helloworld\\hello.py","description":"","nums":{"precision":0,"n_files":1,"n_statements":5,"n_excluded":0,"n_missing":1,"n_branches":0,"n_partial_branches":0,"n_missing_branches":0}}},"z_7b3578e3f76a7fbe_wsgi_py":{"hash":"fa8bde0c29fa8fde4fefece8069ce950","index":{"url":"z_7b3578e3f76a7fbe_wsgi_py.html","file":"C:\\dev\\LOG3430\\TP1\\flask-main\\flask-main\\tests\\test_apps\\helloworld\\wsgi.py","description":"","nums":{"precision":0,"n_files":1,"n_statements":1,"n_excluded":0,"n_missing":0,"n_branches":0,"n_partial_branches":0,"n_missing_branches":0}}},"z_0686341fde005b94_test_async_py":{"hash":"d4b8a28b065e3f723902620fe21a7d09","index":{"url":"z_0686341fde005b94_test_async_py.html","file":"C:\\dev\\LOG3430\\TP1\\flask-main\\flask-main\\tests\\test_async.py","description":"","nums":{"precision":0,"n_files":1,"n_statements":100,"n_excluded":0,"n_missing":0,"n_branches":0,"n_partial_branches":0,"n_missing_branches":0}}},"z_0686341fde005b94_test_basic_py":{"hash":"cf00a151d36f3a0d9a994fee7657df7a","index":{"url":"z_0686341fde005b94_test_basic_py.html","file":"C:\\dev\\LOG3430\\TP1\\flask-main\\flask-main\\tests\\test_basic.py","description":"","nums":{"precision":0,"n_files":1,"n_statements":1297,"n_excluded":0,"n_missing":18,"n_branches":0,"n_partial_branches":0,"n_missing_branches":0}}},"z_0686341fde005b94_test_blueprints_py":{"hash":"d103069981f86e4435f39f3f7cbf615b","index":{"url":"z_0686341fde005b94_test_blueprints_py.html","file":"C:\\dev\\LOG3430\\TP1\\flask-main\\flask-main\\tests\\test_blueprints.py","description":"","nums":{"precision":0,"n_files":1,"n_statements":693,"n_excluded":0,"n_missing":4,"n_branches":0,"n_partial_branches":0,"n_missing_branches":0}}},"z_0686341fde005b94_test_cli_py":{"hash":"7a5aebf1e9a8a7cb20a4620b74446e1b","index":{"url":"z_0686341fde005b94_test_cli_py.html","file":"C:\\dev\\LOG3430\\TP1\\flask-main\\flask-main\\tests\\test_cli.py","description":"","nums":{"precision":0,"n_files":1,"n_statements":420,"n_excluded":0,"n_missing":5,"n_branches":0,"n_partial_branches":0,"n_missing_branches":0}}},"z_0686341fde005b94_test_config_py":{"hash":"9a6d87ceb6bc8a84305f67287a583c96","index":{"url":"z_0686341fde005b94_test_config_py.html","file":"C:\\dev\\LOG3430\\TP1\\flask-main\\flask-main\\tests\\test_config.py","description":"","nums":{"precision":0,"n_files":1,"n_statements":166,"n_excluded":0,"n_missing":1,"n_branches":0,"n_partial_branches":0,"n_missing_branches":0}}},"z_0686341fde005b94_test_converters_py":{"hash":"ab9d8629c96a291a4467d7c1f47f2696","index":{"url":"z_0686341fde005b94_test_converters_py.html","file":"C:\\dev\\LOG3430\\TP1\\flask-main\\flask-main\\tests\\test_converters.py","description":"","nums":{"precision":0,"n_files":1,"n_statements":29,"n_excluded":0,"n_missing":0,"n_branches":0,"n_partial_branches":0,"n_missing_branches":0}}},"z_0686341fde005b94_test_helpers_py":{"hash":"38fe9204e9e80290b7592a33cba6f906","index":{"url":"z_0686341fde005b94_test_helpers_py.html","file":"C:\\dev\\LOG3430\\TP1\\flask-main\\flask-main\\tests\\test_helpers.py","description":"","nums":{"precision":0,"n_files":1,"n_statements":224,"n_excluded":0,"n_missing":12,"n_branches":0,"n_partial_branches":0,"n_missing_branches":0}}},"z_0686341fde005b94_test_instance_config_py":{"hash":"1ff560f8980d6b7dada68e237d16dc66","index":{"url":"z_0686341fde005b94_test_instance_config_py.html","file":"C:\\dev\\LOG3430\\TP1\\flask-main\\flask-main\\tests\\test_instance_config.py","description":"","nums":{"precision":0,"n_files":1,"n_statements":56,"n_excluded":0,"n_missing":0,"n_branches":0,"n_partial_branches":0,"n_missing_branches":0}}},"z_0686341fde005b94_test_json_py":{"hash":"66b3e014acd753c2d778669a198a4068","index":{"url":"z_0686341fde005b94_test_json_py.html","file":"C:\\dev\\LOG3430\\TP1\\flask-main\\flask-main\\tests\\test_json.py","description":"","nums":{"precision":0,"n_files":1,"n_statements":173,"n_excluded":0,"n_missing":10,"n_branches":0,"n_partial_branches":0,"n_missing_branches":0}}},"z_0686341fde005b94_test_json_tag_py":{"hash":"11f37496257f00b8c2bf83a52dc7eae5","index":{"url":"z_0686341fde005b94_test_json_tag_py.html","file":"C:\\dev\\LOG3430\\TP1\\flask-main\\flask-main\\tests\\test_json_tag.py","description":"","nums":{"precision":0,"n_files":1,"n_statements":50,"n_excluded":0,"n_missing":0,"n_branches":0,"n_partial_branches":0,"n_missing_branches":0}}},"z_0686341fde005b94_test_logging_py":{"hash":"7b5b89a5d77ef7edc62418a658e7971c","index":{"url":"z_0686341fde005b94_test_logging_py.html","file":"C:\\dev\\LOG3430\\TP1\\flask-main\\flask-main\\tests\\test_logging.py","description":"","nums":{"precision":0,"n_files":1,"n_statements":69,"n_excluded":0,"n_missing":0,"n_branches":0,"n_partial_branches":0,"n_missing_branches":0}}},"z_0686341fde005b94_test_regression_py":{"hash":"cabd45f3b58f8379ec208a0aab613830","index":{"url":"z_0686341fde005b94_test_regression_py.html","file":"C:\\dev\\LOG3430\\TP1\\flask-main\\flask-main\\tests\\test_regression.py","description":"","nums":{"precision":0,"n_files":1,"n_statements":21,"n_excluded":0,"n_missing":1,"n_branches":0,"n_partial_branches":0,"n_missing_branches":0}}},"z_0686341fde005b94_test_reqctx_py":{"hash":"3ba95a296f55ee8c61aa331e8ae39568","index":{"url":"z_0686341fde005b94_test_reqctx_py.html","file":"C:\\dev\\LOG3430\\TP1\\flask-main\\flask-main\\tests\\test_reqctx.py","description":"","nums":{"precision":0,"n_files":1,"n_statements":216,"n_excluded":0,"n_missing":43,"n_branches":0,"n_partial_branches":0,"n_missing_branches":0}}},"z_0686341fde005b94_test_session_interface_py":{"hash":"fd9797ef328bfb2de04fe7c3feeeeaf8","index":{"url":"z_0686341fde005b94_test_session_interface_py.html","file":"C:\\dev\\LOG3430\\TP1\\flask-main\\flask-main\\tests\\test_session_interface.py","description":"","nums":{"precision":0,"n_files":1,"n_statements":17,"n_excluded":0,"n_missing":1,"n_branches":0,"n_partial_branches":0,"n_missing_branches":0}}},"z_0686341fde005b94_test_signals_py":{"hash":"22b7c803e3dc07fa98065edde1421030","index":{"url":"z_0686341fde005b94_test_signals_py.html","file":"C:\\dev\\LOG3430\\TP1\\flask-main\\flask-main\\tests\\test_signals.py","description":"","nums":{"precision":0,"n_files":1,"n_statements":126,"n_excluded":0,"n_missing":0,"n_branches":0,"n_partial_branches":0,"n_missing_branches":0}}},"z_0686341fde005b94_test_subclassing_py":{"hash":"e159b8d429b600a75f845eefa8aea4b3","index":{"url":"z_0686341fde005b94_test_subclassing_py.html","file":"C:\\dev\\LOG3430\\TP1\\flask-main\\flask-main\\tests\\test_subclassing.py","description":"","nums":{"precision":0,"n_files":1,"n_statements":15,"n_excluded":0,"n_missing":0,"n_branches":0,"n_partial_branches":0,"n_missing_branches":0}}},"z_0686341fde005b94_test_templating_py":{"hash":"3ac10dda835497777a8a20d4de6c980c","index":{"url":"z_0686341fde005b94_test_templating_py.html","file":"C:\\dev\\LOG3430\\TP1\\flask-main\\flask-main\\tests\\test_templating.py","description":"","nums":{"precision":0,"n_files":1,"n_statements":279,"n_excluded":0,"n_missing":0,"n_branches":0,"n_partial_branches":0,"n_missing_branches":0}}},"z_0686341fde005b94_test_testing_py":{"hash":"63b68e099d10eaa156b8ea8723c9b5ac","index":{"url":"z_0686341fde005b94_test_testing_py.html","file":"C:\\dev\\LOG3430\\TP1\\flask-main\\flask-main\\tests\\test_testing.py","description":"","nums":{"precision":0,"n_files":1,"n_statements":274,"n_excluded":0,"n_missing":2,"n_branches":0,"n_partial_branches":0,"n_missing_branches":0}}},"z_0686341fde005b94_test_user_error_handler_py":{"hash":"e731ba514413b9f452ae2be213655a94","index":{"url":"z_0686341fde005b94_test_user_error_handler_py.html","file":"C:\\dev\\LOG3430\\TP1\\flask-main\\flask-main\\tests\\test_user_error_handler.py","description":"","nums":{"precision":0,"n_files":1,"n_statements":203,"n_excluded":0,"n_missing":0,"n_branches":0,"n_partial_branches":0,"n_missing_branches":0}}},"z_0686341fde005b94_test_views_py":{"hash":"aba24fc3b2a4ed7934fbcb75c6ad777f","index":{"url":"z_0686341fde005b94_test_views_py.html","file":"C:\\dev\\LOG3430\\TP1\\flask-main\\flask-main\\tests\\test_views.py","description":"","nums":{"precision":0,"n_files":1,"n_statements":177,"n_excluded":0,"n_missing":9,"n_branches":0,"n_partial_branches":0,"n_missing_branches":0}}}}}