{"note":"This file is an internal implementation detail to speed up HTML report generation. Its format can change at any time. You might be looking for the JSON report: https://coverage.rtfd.io/cmd.html#cmd-json","format":5,"version":"7.6.1","globals":"095f48f54d611ef0881506a3788dcad1","files":{"z_206dcf2bcbaa8631__jb_pytest_runner_py":{"hash":"218d3427e71c5b6d13e671c2092abd88","index":{"url":"z_206dcf2bcbaa8631__jb_pytest_runner_py.html","file":"C:\\Program Files\\JetBrains\\PyCharm 2024.2.1\\plugins\\python-ce\\helpers\\pycharm\\_jb_pytest_runner.py","description":"","nums":{"precision":0,"n_files":1,"n_statements":45,"n_excluded":0,"n_missing":8,"n_branches":25,"n_partial_branches":9,"n_missing_branches":11}}},"z_206dcf2bcbaa8631__jb_runner_tools_py":{"hash":"d15d900def560abfd319aabe58350c3b","index":{"url":"z_206dcf2bcbaa8631__jb_runner_tools_py.html","file":"C:\\Program Files\\JetBrains\\PyCharm 2024.2.1\\plugins\\python-ce\\helpers\\pycharm\\_jb_runner_tools.py","description":"","nums":{"precision":0,"n_files":1,"n_statements":204,"n_excluded":0,"n_missing":57,"n_branches":64,"n_partial_branches":11,"n_missing_branches":25}}},"z_206dcf2bcbaa8631__jb_serial_tree_manager_py":{"hash":"2a23f2ca40b15a0f29e6fae15db5286f","index":{"url":"z_206dcf2bcbaa8631__jb_serial_tree_manager_py.html","file":"C:\\Program Files\\JetBrains\\PyCharm 2024.2.1\\plugins\\python-ce\\helpers\\pycharm\\_jb_serial_tree_manager.py","description":"","nums":{"precision":0,"n_files":1,"n_statements":57,"n_excluded":0,"n_missing":8,"n_branches":28,"n_partial_branches":8,"n_missing_branches":10}}},"z_206dcf2bcbaa8631__jb_utils_py":{"hash":"f3a94c90ba060d8ffc97ae6c1bde60fa","index":{"url":"z_206dcf2bcbaa8631__jb_utils_py.html","file":"C:\\Program Files\\JetBrains\\PyCharm 2024.2.1\\plugins\\python-ce\\helpers\\pycharm\\_jb_utils.py","description":"","nums":{"precision":0,"n_files":1,"n_statements":71,"n_excluded":0,"n_missing":34,"n_branches":24,"n_partial_branches":0,"n_missing_branches":16}}},"z_fc11f8475273a49d___init___py":{"hash":"512816c191364c99970273059f25519f","index":{"url":"z_fc11f8475273a49d___init___py.html","file":"C:\\Program Files\\JetBrains\\PyCharm 2024.2.1\\plugins\\python-ce\\helpers\\pycharm\\teamcity\\__init__.py","description":"","nums":{"precision":0,"n_files":1,"n_statements":6,"n_excluded":0,"n_missing":0,"n_branches":0,"n_partial_branches":0,"n_missing_branches":0}}},"z_fc11f8475273a49d_common_py":{"hash":"34abbd46a99d3a285b33fe9c632aa23c","index":{"url":"z_fc11f8475273a49d_common_py.html","file":"C:\\Program Files\\JetBrains\\PyCharm 2024.2.1\\plugins\\python-ce\\helpers\\pycharm\\teamcity\\common.py","description":"","nums":{"precision":0,"n_files":1,"n_statements":98,"n_excluded":0,"n_missing":60,"n_branches":43,"n_partial_branches":3,"n_missing_branches":34}}},"z_fc11f8475273a49d_diff_tools_py":{"hash":"3303d40c27e1fe0a3ebf1c8fb7630a63","index":{"url":"z_fc11f8475273a49d_diff_tools_py.html","file":"C:\\Program Files\\JetBrains\\PyCharm 2024.2.1\\plugins\\python-ce\\helpers\\pycharm\\teamcity\\diff_tools.py","description":"","nums":{"precision":0,"n_files":1,"n_statements":62,"n_excluded":0,"n_missing":36,"n_branches":19,"n_partial_branches":2,"n_missing_branches":15}}},"z_fc11f8475273a49d_messages_py":{"hash":"1ffe36fcc8c600a965555c109cc75ae5","index":{"url":"z_fc11f8475273a49d_messages_py.html","file":"C:\\Program Files\\JetBrains\\PyCharm 2024.2.1\\plugins\\python-ce\\helpers\\pycharm\\teamcity\\messages.py","description":"","nums":{"precision":0,"n_files":1,"n_statements":154,"n_excluded":0,"n_missing":60,"n_branches":32,"n_partial_branches":8,"n_missing_branches":16}}},"z_fc11f8475273a49d_pytest_plugin_py":{"hash":"a31e3f9974f4adf9f6589e853917f4cf","index":{"url":"z_fc11f8475273a49d_pytest_plugin_py.html","file":"C:\\Program Files\\JetBrains\\PyCharm 2024.2.1\\plugins\\python-ce\\helpers\\pycharm\\teamcity\\pytest_plugin.py","description":"","nums":{"precision":0,"n_files":1,"n_statements":293,"n_excluded":0,"n_missing":149,"n_branches":124,"n_partial_branches":24,"n_missing_branches":78}}},"z_5de94f87d5e9cb7e_my_config_py":{"hash":"9c7925d9b20a7657b8287bdfaf22989a","index":{"url":"z_5de94f87d5e9cb7e_my_config_py.html","file":"C:\\Users\\harry\\AppData\\Local\\Temp\\pytest-of-harry\\pytest-5\\test_from_pyfile_weird_encodin0\\my_config.py","description":"","nums":{"precision":0,"n_files":1,"n_statements":1,"n_excluded":0,"n_missing":0,"n_branches":0,"n_partial_branches":0,"n_missing_branches":0}}},"z_17ecd547e61b555d_my_config_py":{"hash":"e8760a65f169ba532c141424ea0a7e75","index":{"url":"z_17ecd547e61b555d_my_config_py.html","file":"C:\\Users\\harry\\AppData\\Local\\Temp\\pytest-of-harry\\pytest-5\\test_from_pyfile_weird_encodin1\\my_config.py","description":"","nums":{"precision":0,"n_files":1,"n_statements":1,"n_excluded":0,"n_missing":0,"n_branches":0,"n_partial_branches":0,"n_missing_branches":0}}},"z_bb7da3cf5deebbf8_my_config_py":{"hash":"87959c169d02f6aa8669efe4805fabf9","index":{"url":"z_bb7da3cf5deebbf8_my_config_py.html","file":"C:\\Users\\harry\\AppData\\Local\\Temp\\pytest-of-harry\\pytest-5\\test_from_pyfile_weird_encodin2\\my_config.py","description":"","nums":{"precision":0,"n_files":1,"n_statements":1,"n_excluded":0,"n_missing":0,"n_branches":0,"n_partial_branches":0,"n_missing_branches":0}}},"z_298325be58ff99f4_site_app_py":{"hash":"3bbb8615dba0da483ae00d8ecd90b464","index":{"url":"z_298325be58ff99f4_site_app_py.html","file":"C:\\Users\\harry\\AppData\\Local\\Temp\\pytest-of-harry\\pytest-5\\test_installed_module_paths_Fa0\\modules_tmp\\lib\\python3.11\\site-packages\\site_app.py","description":"","nums":{"precision":0,"n_files":1,"n_statements":2,"n_excluded":0,"n_missing":0,"n_branches":0,"n_partial_branches":0,"n_missing_branches":0}}},"z_b7e13d1fab6c086b_site_app_py":{"hash":"3bbb8615dba0da483ae00d8ecd90b464","index":{"url":"z_b7e13d1fab6c086b_site_app_py.html","file":"C:\\Users\\harry\\AppData\\Local\\Temp\\pytest-of-harry\\pytest-5\\test_installed_module_paths_Tr0\\modules_tmp\\lib\\python3.11\\site-packages\\site_app.py","description":"","nums":{"precision":0,"n_files":1,"n_statements":2,"n_excluded":0,"n_missing":0,"n_branches":0,"n_partial_branches":0,"n_missing_branches":0}}},"z_d1d2a01429b23cb2___init___py":{"hash":"3bbb8615dba0da483ae00d8ecd90b464","index":{"url":"z_d1d2a01429b23cb2___init___py.html","file":"C:\\Users\\harry\\AppData\\Local\\Temp\\pytest-of-harry\\pytest-5\\test_installed_package_paths_F0\\modules_tmp\\path\\installed_package\\__init__.py","description":"","nums":{"precision":0,"n_files":1,"n_statements":2,"n_excluded":0,"n_missing":0,"n_branches":0,"n_partial_branches":0,"n_missing_branches":0}}},"z_dcc33f4f64096f5c___init___py":{"hash":"3bbb8615dba0da483ae00d8ecd90b464","index":{"url":"z_dcc33f4f64096f5c___init___py.html","file":"C:\\Users\\harry\\AppData\\Local\\Temp\\pytest-of-harry\\pytest-5\\test_installed_package_paths_T0\\modules_tmp\\path\\installed_package\\__init__.py","description":"","nums":{"precision":0,"n_files":1,"n_statements":2,"n_excluded":0,"n_missing":0,"n_branches":0,"n_partial_branches":0,"n_missing_branches":0}}},"z_c8da5a229260d4d9___init___py":{"hash":"3bbb8615dba0da483ae00d8ecd90b464","index":{"url":"z_c8da5a229260d4d9___init___py.html","file":"C:\\Users\\harry\\AppData\\Local\\Temp\\pytest-of-harry\\pytest-5\\test_prefix_package_paths_Fals0\\modules_tmp\\lib\\python3.11\\site-packages\\site_package\\__init__.py","description":"","nums":{"precision":0,"n_files":1,"n_statements":2,"n_excluded":0,"n_missing":0,"n_branches":0,"n_partial_branches":0,"n_missing_branches":0}}},"z_c8a31bc6ecd45f10___init___py":{"hash":"3bbb8615dba0da483ae00d8ecd90b464","index":{"url":"z_c8a31bc6ecd45f10___init___py.html","file":"C:\\Users\\harry\\AppData\\Local\\Temp\\pytest-of-harry\\pytest-5\\test_prefix_package_paths_True0\\modules_tmp\\lib\\python3.11\\site-packages\\site_package\\__init__.py","description":"","nums":{"precision":0,"n_files":1,"n_statements":2,"n_excluded":0,"n_missing":0,"n_branches":0,"n_partial_branches":0,"n_missing_branches":0}}},"z_6ce1c355cf2b8065_config_module_app_py":{"hash":"cdcb268e45935bf9a434a5c32cf9f198","index":{"url":"z_6ce1c355cf2b8065_config_module_app_py.html","file":"C:\\Users\\harry\\AppData\\Local\\Temp\\pytest-of-harry\\pytest-5\\test_uninstalled_module_paths0\\modules_tmp\\config_module_app.py","description":"","nums":{"precision":0,"n_files":1,"n_statements":4,"n_excluded":0,"n_missing":0,"n_branches":0,"n_partial_branches":0,"n_missing_branches":0}}},"z_a0368be082418888___init___py":{"hash":"3bbb8615dba0da483ae00d8ecd90b464","index":{"url":"z_a0368be082418888___init___py.html","file":"C:\\Users\\harry\\AppData\\Local\\Temp\\pytest-of-harry\\pytest-5\\test_uninstalled_namespace_pat0\\project-package2\\namespace\\package2\\__init__.py","description":"","nums":{"precision":0,"n_files":1,"n_statements":2,"n_excluded":0,"n_missing":0,"n_branches":0,"n_partial_branches":0,"n_missing_branches":0}}},"z_5cf2a013f669706c___init___py":{"hash":"cdcb268e45935bf9a434a5c32cf9f198","index":{"url":"z_5cf2a013f669706c___init___py.html","file":"C:\\Users\\harry\\AppData\\Local\\Temp\\pytest-of-harry\\pytest-5\\test_uninstalled_package_paths0\\modules_tmp\\config_package_app\\__init__.py","description":"","nums":{"precision":0,"n_files":1,"n_statements":4,"n_excluded":0,"n_missing":0,"n_branches":0,"n_partial_branches":0,"n_missing_branches":0}}},"z_423c48f15cc0a957___init___py":{"hash":"7171e7e177425764dc5b22abd2d141e7","index":{"url":"z_423c48f15cc0a957___init___py.html","file":"C:\\dev\\LOG3430\\TP1\\flask-main\\flask-main\\src\\flask\\__init__.py","description":"","nums":{"precision":0,"n_files":1,"n_statements":48,"n_excluded":0,"n_missing":4,"n_branches":2,"n_partial_branches":1,"n_missing_branches":1}}},"z_423c48f15cc0a957_app_py":{"hash":"6ea14d64e0980825a985a12a956917ea","index":{"url":"z_423c48f15cc0a957_app_py.html","file":"C:\\dev\\LOG3430\\TP1\\flask-main\\flask-main\\src\\flask\\app.py","description":"","nums":{"precision":0,"n_files":1,"n_statements":396,"n_excluded":5,"n_missing":26,"n_branches":180,"n_partial_branches":17,"n_missing_branches":25}}},"z_423c48f15cc0a957_blueprints_py":{"hash":"a75831ba17faf4f8f7456a971c673990","index":{"url":"z_423c48f15cc0a957_blueprints_py.html","file":"C:\\dev\\LOG3430\\TP1\\flask-main\\flask-main\\src\\flask\\blueprints.py","description":"","nums":{"precision":0,"n_files":1,"n_statements":34,"n_excluded":2,"n_missing":8,"n_branches":10,"n_partial_branches":2,"n_missing_branches":6}}},"z_423c48f15cc0a957_cli_py":{"hash":"1bc0afe8eda6589d7250290c7893fcf9","index":{"url":"z_423c48f15cc0a957_cli_py.html","file":"C:\\dev\\LOG3430\\TP1\\flask-main\\flask-main\\src\\flask\\cli.py","description":"","nums":{"precision":0,"n_files":1,"n_statements":440,"n_excluded":0,"n_missing":64,"n_branches":216,"n_partial_branches":23,"n_missing_branches":35}}},"z_423c48f15cc0a957_config_py":{"hash":"521e59bf3d2c48b1a7d8af7edb1aa319","index":{"url":"z_423c48f15cc0a957_config_py.html","file":"C:\\dev\\LOG3430\\TP1\\flask-main\\flask-main\\src\\flask\\config.py","description":"","nums":{"precision":0,"n_files":1,"n_statements":116,"n_excluded":0,"n_missing":4,"n_branches":54,"n_partial_branches":4,"n_missing_branches":4}}},"z_423c48f15cc0a957_ctx_py":{"hash":"60b09a602aa65f658c67907b2325f2b1","index":{"url":"z_423c48f15cc0a957_ctx_py.html","file":"C:\\dev\\LOG3430\\TP1\\flask-main\\flask-main\\src\\flask\\ctx.py","description":"","nums":{"precision":0,"n_files":1,"n_statements":152,"n_excluded":5,"n_missing":20,"n_branches":38,"n_partial_branches":7,"n_missing_branches":11}}},"z_423c48f15cc0a957_debughelpers_py":{"hash":"06a0057b958e6976ffe7428c0401e32d","index":{"url":"z_423c48f15cc0a957_debughelpers_py.html","file":"C:\\dev\\LOG3430\\TP1\\flask-main\\flask-main\\src\\flask\\debughelpers.py","description":"","nums":{"precision":0,"n_files":1,"n_statements":90,"n_excluded":0,"n_missing":12,"n_branches":41,"n_partial_branches":12,"n_missing_branches":14}}},"z_423c48f15cc0a957_globals_py":{"hash":"7bcece819a41a8f31d589a818334e32d","index":{"url":"z_423c48f15cc0a957_globals_py.html","file":"C:\\dev\\LOG3430\\TP1\\flask-main\\flask-main\\src\\flask\\globals.py","description":"","nums":{"precision":0,"n_files":1,"n_statements":14,"n_excluded":7,"n_missing":0,"n_branches":0,"n_partial_branches":0,"n_missing_branches":0}}},"z_423c48f15cc0a957_helpers_py":{"hash":"eff6498f1c821e81331284f36c12e16d","index":{"url":"z_423c48f15cc0a957_helpers_py.html","file":"C:\\dev\\LOG3430\\TP1\\flask-main\\flask-main\\src\\flask\\helpers.py","description":"","nums":{"precision":0,"n_files":1,"n_statements":121,"n_excluded":2,"n_missing":6,"n_branches":48,"n_partial_branches":5,"n_missing_branches":7}}},"z_da26b8ca53021f66___init___py":{"hash":"97becf85d72ab3cc626c708097a56581","index":{"url":"z_da26b8ca53021f66___init___py.html","file":"C:\\dev\\LOG3430\\TP1\\flask-main\\flask-main\\src\\flask\\json\\__init__.py","description":"","nums":{"precision":0,"n_files":1,"n_statements":25,"n_excluded":2,"n_missing":3,"n_branches":8,"n_partial_branches":2,"n_missing_branches":2}}},"z_da26b8ca53021f66_provider_py":{"hash":"e1b55ec191d6e62d8abebed7a52e375d","index":{"url":"z_da26b8ca53021f66_provider_py.html","file":"C:\\dev\\LOG3430\\TP1\\flask-main\\flask-main\\src\\flask\\json\\provider.py","description":"","nums":{"precision":0,"n_files":1,"n_statements":66,"n_excluded":3,"n_missing":6,"n_branches":16,"n_partial_branches":2,"n_missing_branches":2}}},"z_da26b8ca53021f66_tag_py":{"hash":"bbe0a80a04dd4275e4d0973da09d5c73","index":{"url":"z_da26b8ca53021f66_tag_py.html","file":"C:\\dev\\LOG3430\\TP1\\flask-main\\flask-main\\src\\flask\\json\\tag.py","description":"","nums":{"precision":0,"n_files":1,"n_statements":135,"n_excluded":0,"n_missing":0,"n_branches":30,"n_partial_branches":0,"n_missing_branches":0}}},"z_423c48f15cc0a957_logging_py":{"hash":"96bcb28aea821703ffd25fb0f659ff65","index":{"url":"z_423c48f15cc0a957_logging_py.html","file":"C:\\dev\\LOG3430\\TP1\\flask-main\\flask-main\\src\\flask\\logging.py","description":"","nums":{"precision":0,"n_files":1,"n_statements":30,"n_excluded":2,"n_missing":0,"n_branches":15,"n_partial_branches":0,"n_missing_branches":0}}},"z_2ef6d51987258a71_app_py":{"hash":"33ee5588da40e4d8ce78762b5d7c6287","index":{"url":"z_2ef6d51987258a71_app_py.html","file":"C:\\dev\\LOG3430\\TP1\\flask-main\\flask-main\\src\\flask\\sansio\\app.py","description":"","nums":{"precision":0,"n_files":1,"n_statements":236,"n_excluded":5,"n_missing":8,"n_branches":98,"n_partial_branches":4,"n_missing_branches":6}}},"z_2ef6d51987258a71_blueprints_py":{"hash":"1756515796bf3d9cfe73dae301fc405e","index":{"url":"z_2ef6d51987258a71_blueprints_py.html","file":"C:\\dev\\LOG3430\\TP1\\flask-main\\flask-main\\src\\flask\\sansio\\blueprints.py","description":"","nums":{"precision":0,"n_files":1,"n_statements":226,"n_excluded":2,"n_missing":4,"n_branches":118,"n_partial_branches":8,"n_missing_branches":8}}},"z_2ef6d51987258a71_scaffold_py":{"hash":"b32312ff77566b0eb696b247865df762","index":{"url":"z_2ef6d51987258a71_scaffold_py.html","file":"C:\\dev\\LOG3430\\TP1\\flask-main\\flask-main\\src\\flask\\sansio\\scaffold.py","description":"","nums":{"precision":0,"n_files":1,"n_statements":213,"n_excluded":2,"n_missing":12,"n_branches":90,"n_partial_branches":5,"n_missing_branches":9}}},"z_423c48f15cc0a957_sessions_py":{"hash":"84a3b9d0984d8f78fdfab72571932493","index":{"url":"z_423c48f15cc0a957_sessions_py.html","file":"C:\\dev\\LOG3430\\TP1\\flask-main\\flask-main\\src\\flask\\sessions.py","description":"","nums":{"precision":0,"n_files":1,"n_statements":118,"n_excluded":5,"n_missing":3,"n_branches":20,"n_partial_branches":0,"n_missing_branches":0}}},"z_423c48f15cc0a957_signals_py":{"hash":"ff1dbf1563b5d3c9effd48f885726843","index":{"url":"z_423c48f15cc0a957_signals_py.html","file":"C:\\dev\\LOG3430\\TP1\\flask-main\\flask-main\\src\\flask\\signals.py","description":"","nums":{"precision":0,"n_files":1,"n_statements":13,"n_excluded":0,"n_missing":0,"n_branches":0,"n_partial_branches":0,"n_missing_branches":0}}},"z_423c48f15cc0a957_templating_py":{"hash":"b22c66fc17104e7fd5afccb61c8a8541","index":{"url":"z_423c48f15cc0a957_templating_py.html","file":"C:\\dev\\LOG3430\\TP1\\flask-main\\flask-main\\src\\flask\\templating.py","description":"","nums":{"precision":0,"n_files":1,"n_statements":110,"n_excluded":4,"n_missing":6,"n_branches":32,"n_partial_branches":8,"n_missing_branches":10}}},"z_423c48f15cc0a957_testing_py":{"hash":"7d567866d8ed06788197b3c169084f18","index":{"url":"z_423c48f15cc0a957_testing_py.html","file":"C:\\dev\\LOG3430\\TP1\\flask-main\\flask-main\\src\\flask\\testing.py","description":"","nums":{"precision":0,"n_files":1,"n_statements":112,"n_excluded":4,"n_missing":4,"n_branches":40,"n_partial_branches":3,"n_missing_branches":3}}},"z_423c48f15cc0a957_typing_py":{"hash":"925d0e85c2ac43057f49a0dbcab65280","index":{"url":"z_423c48f15cc0a957_typing_py.html","file":"C:\\dev\\LOG3430\\TP1\\flask-main\\flask-main\\src\\flask\\typing.py","description":"","nums":{"precision":0,"n_files":1,"n_statements":21,"n_excluded":4,"n_missing":0,"n_branches":0,"n_partial_branches":0,"n_missing_branches":0}}},"z_423c48f15cc0a957_views_py":{"hash":"df82df6d63fa5c90ba90fa7e670e2531","index":{"url":"z_423c48f15cc0a957_views_py.html","file":"C:\\dev\\LOG3430\\TP1\\flask-main\\flask-main\\src\\flask\\views.py","description":"","nums":{"precision":0,"n_files":1,"n_statements":54,"n_excluded":0,"n_missing":1,"n_branches":22,"n_partial_branches":1,"n_missing_branches":1}}},"z_423c48f15cc0a957_wrappers_py":{"hash":"7f59f26e022c647b0098254b02099de1","index":{"url":"z_423c48f15cc0a957_wrappers_py.html","file":"C:\\dev\\LOG3430\\TP1\\flask-main\\flask-main\\src\\flask\\wrappers.py","description":"","nums":{"precision":0,"n_files":1,"n_statements":57,"n_excluded":2,"n_missing":1,"n_branches":24,"n_partial_branches":1,"n_missing_branches":1}}},"z_0686341fde005b94_conftest_py":{"hash":"77ef3eb91c9cc7c1f371e448ccb914b5","index":{"url":"z_0686341fde005b94_conftest_py.html","file":"C:\\dev\\LOG3430\\TP1\\flask-main\\flask-main\\tests\\conftest.py","description":"","nums":{"precision":0,"n_files":1,"n_statements":88,"n_excluded":0,"n_missing":8,"n_branches":44,"n_partial_branches":2,"n_missing_branches":4}}},"z_fc5e9244c4555f7b_template_filter_html":{"hash":"67c9bdf54e9392a40fa9f47af0770b80","index":{"url":"z_fc5e9244c4555f7b_template_filter_html.html","file":"C:\\dev\\LOG3430\\TP1\\flask-main\\flask-main\\tests\\templates\\template_filter.html","description":"","nums":{"precision":0,"n_files":1,"n_statements":1,"n_excluded":0,"n_missing":0,"n_branches":0,"n_partial_branches":0,"n_missing_branches":0}}},"z_0686341fde005b94_test_appctx_py":{"hash":"c9127609900eb4df69681446712dfd99","index":{"url":"z_0686341fde005b94_test_appctx_py.html","file":"C:\\dev\\LOG3430\\TP1\\flask-main\\flask-main\\tests\\test_appctx.py","description":"","nums":{"precision":0,"n_files":1,"n_statements":143,"n_excluded":0,"n_missing":2,"n_branches":62,"n_partial_branches":0,"n_missing_branches":0}}},"z_9f203bc2af550cf0___init___py":{"hash":"c5e0a661c69d5becb5db340a1741ec33","index":{"url":"z_9f203bc2af550cf0___init___py.html","file":"C:\\dev\\LOG3430\\TP1\\flask-main\\flask-main\\tests\\test_apps\\blueprintapp\\__init__.py","description":"","nums":{"precision":0,"n_files":1,"n_statements":7,"n_excluded":0,"n_missing":0,"n_branches":0,"n_partial_branches":0,"n_missing_branches":0}}},"z_8fa9e838cae8bc54___init___py":{"hash":"ca2411bb2d5283cba14da3ce60f5feec","index":{"url":"z_8fa9e838cae8bc54___init___py.html","file":"C:\\dev\\LOG3430\\TP1\\flask-main\\flask-main\\tests\\test_apps\\blueprintapp\\apps\\__init__.py","description":"","nums":{"precision":0,"n_files":1,"n_statements":0,"n_excluded":0,"n_missing":0,"n_branches":0,"n_partial_branches":0,"n_missing_branches":0}}},"z_82148f98776d1a4b___init___py":{"hash":"980e8ab805c9b6ba1c124272287a88fb","index":{"url":"z_82148f98776d1a4b___init___py.html","file":"C:\\dev\\LOG3430\\TP1\\flask-main\\flask-main\\tests\\test_apps\\blueprintapp\\apps\\admin\\__init__.py","description":"","nums":{"precision":0,"n_files":1,"n_statements":9,"n_excluded":0,"n_missing":0,"n_branches":4,"n_partial_branches":0,"n_missing_branches":0}}},"z_9c5ee7133301cbcc___init___py":{"hash":"d0469cc79e704225834ab1c256dcbf2d","index":{"url":"z_9c5ee7133301cbcc___init___py.html","file":"C:\\dev\\LOG3430\\TP1\\flask-main\\flask-main\\tests\\test_apps\\blueprintapp\\apps\\frontend\\__init__.py","description":"","nums":{"precision":0,"n_files":1,"n_statements":9,"n_excluded":0,"n_missing":0,"n_branches":4,"n_partial_branches":0,"n_missing_branches":0}}},"z_01ac4f66d67db1b2___init___py":{"hash":"ca2411bb2d5283cba14da3ce60f5feec","index":{"url":"z_01ac4f66d67db1b2___init___py.html","file":"C:\\dev\\LOG3430\\TP1\\flask-main\\flask-main\\tests\\test_apps\\cliapp\\__init__.py","description":"","nums":{"precision":0,"n_files":1,"n_statements":0,"n_excluded":0,"n_missing":0,"n_branches":0,"n_partial_branches":0,"n_missing_branches":0}}},"z_01ac4f66d67db1b2_app_py":{"hash":"e1b13913c38c14cd8da3e315b35d1185","index":{"url":"z_01ac4f66d67db1b2_app_py.html","file":"C:\\dev\\LOG3430\\TP1\\flask-main\\flask-main\\tests\\test_apps\\cliapp\\app.py","description":"","nums":{"precision":0,"n_files":1,"n_statements":2,"n_excluded":0,"n_missing":0,"n_branches":0,"n_partial_branches":0,"n_missing_branches":0}}},"z_01ac4f66d67db1b2_factory_py":{"hash":"b3214a579425cd8537aad9bf7a5e0962","index":{"url":"z_01ac4f66d67db1b2_factory_py.html","file":"C:\\dev\\LOG3430\\TP1\\flask-main\\flask-main\\tests\\test_apps\\cliapp\\factory.py","description":"","nums":{"precision":0,"n_files":1,"n_statements":7,"n_excluded":0,"n_missing":0,"n_branches":0,"n_partial_branches":0,"n_missing_branches":0}}},"z_01ac4f66d67db1b2_importerrorapp_py":{"hash":"405bb0f00cba79247a587f4d4a003fa4","index":{"url":"z_01ac4f66d67db1b2_importerrorapp_py.html","file":"C:\\dev\\LOG3430\\TP1\\flask-main\\flask-main\\tests\\test_apps\\cliapp\\importerrorapp.py","description":"","nums":{"precision":0,"n_files":1,"n_statements":2,"n_excluded":0,"n_missing":0,"n_branches":0,"n_partial_branches":0,"n_missing_branches":0}}},"z_7b3578e3f76a7fbe_hello_py":{"hash":"1f1c4a80f61384c4cc7c21679b564613","index":{"url":"z_7b3578e3f76a7fbe_hello_py.html","file":"C:\\dev\\LOG3430\\TP1\\flask-main\\flask-main\\tests\\test_apps\\helloworld\\hello.py","description":"","nums":{"precision":0,"n_files":1,"n_statements":5,"n_excluded":0,"n_missing":1,"n_branches":2,"n_partial_branches":0,"n_missing_branches":0}}},"z_7b3578e3f76a7fbe_wsgi_py":{"hash":"d0acc03e29173843747f37b377fddd47","index":{"url":"z_7b3578e3f76a7fbe_wsgi_py.html","file":"C:\\dev\\LOG3430\\TP1\\flask-main\\flask-main\\tests\\test_apps\\helloworld\\wsgi.py","description":"","nums":{"precision":0,"n_files":1,"n_statements":1,"n_excluded":0,"n_missing":0,"n_branches":0,"n_partial_branches":0,"n_missing_branches":0}}},"z_0686341fde005b94_test_async_py":{"hash":"23a30cf173d1236a40844cdc7d465554","index":{"url":"z_0686341fde005b94_test_async_py.html","file":"C:\\dev\\LOG3430\\TP1\\flask-main\\flask-main\\tests\\test_async.py","description":"","nums":{"precision":0,"n_files":1,"n_statements":100,"n_excluded":0,"n_missing":0,"n_branches":34,"n_partial_branches":0,"n_missing_branches":0}}},"z_0686341fde005b94_test_basic_py":{"hash":"5448486c319bc9d4e39cbfc1a8cf5eb5","index":{"url":"z_0686341fde005b94_test_basic_py.html","file":"C:\\dev\\LOG3430\\TP1\\flask-main\\flask-main\\tests\\test_basic.py","description":"","nums":{"precision":0,"n_files":1,"n_statements":1297,"n_excluded":0,"n_missing":18,"n_branches":394,"n_partial_branches":3,"n_missing_branches":3}}},"z_0686341fde005b94_test_blueprints_py":{"hash":"bd86da37055b21b9bdc00ccae3f1cd17","index":{"url":"z_0686341fde005b94_test_blueprints_py.html","file":"C:\\dev\\LOG3430\\TP1\\flask-main\\flask-main\\tests\\test_blueprints.py","description":"","nums":{"precision":0,"n_files":1,"n_statements":693,"n_excluded":0,"n_missing":4,"n_branches":236,"n_partial_branches":3,"n_missing_branches":3}}},"z_0686341fde005b94_test_cli_py":{"hash":"613f123ade8a70bcada357a75310f6b9","index":{"url":"z_0686341fde005b94_test_cli_py.html","file":"C:\\dev\\LOG3430\\TP1\\flask-main\\flask-main\\tests\\test_cli.py","description":"","nums":{"precision":0,"n_files":1,"n_statements":420,"n_excluded":0,"n_missing":5,"n_branches":116,"n_partial_branches":0,"n_missing_branches":0}}},"z_0686341fde005b94_test_config_py":{"hash":"118a7149f9c2a1167ee4e5bf56c610ef","index":{"url":"z_0686341fde005b94_test_config_py.html","file":"C:\\dev\\LOG3430\\TP1\\flask-main\\flask-main\\tests\\test_config.py","description":"","nums":{"precision":0,"n_files":1,"n_statements":166,"n_excluded":0,"n_missing":1,"n_branches":14,"n_partial_branches":1,"n_missing_branches":1}}},"z_0686341fde005b94_test_converters_py":{"hash":"f544c8b8781918f979419519adea44cf","index":{"url":"z_0686341fde005b94_test_converters_py.html","file":"C:\\dev\\LOG3430\\TP1\\flask-main\\flask-main\\tests\\test_converters.py","description":"","nums":{"precision":0,"n_files":1,"n_statements":29,"n_excluded":0,"n_missing":0,"n_branches":8,"n_partial_branches":0,"n_missing_branches":0}}},"z_0686341fde005b94_test_helpers_py":{"hash":"4df94fc35945e466818f01c45cce103b","index":{"url":"z_0686341fde005b94_test_helpers_py.html","file":"C:\\dev\\LOG3430\\TP1\\flask-main\\flask-main\\tests\\test_helpers.py","description":"","nums":{"precision":0,"n_files":1,"n_statements":224,"n_excluded":0,"n_missing":12,"n_branches":52,"n_partial_branches":0,"n_missing_branches":2}}},"z_0686341fde005b94_test_instance_config_py":{"hash":"f3cc4ff7f82c143cf50043d7140cece4","index":{"url":"z_0686341fde005b94_test_instance_config_py.html","file":"C:\\dev\\LOG3430\\TP1\\flask-main\\flask-main\\tests\\test_instance_config.py","description":"","nums":{"precision":0,"n_files":1,"n_statements":56,"n_excluded":0,"n_missing":0,"n_branches":2,"n_partial_branches":0,"n_missing_branches":0}}},"z_0686341fde005b94_test_json_py":{"hash":"0a4147303e94bbf76cd326f00c6e84b8","index":{"url":"z_0686341fde005b94_test_json_py.html","file":"C:\\dev\\LOG3430\\TP1\\flask-main\\flask-main\\tests\\test_json.py","description":"","nums":{"precision":0,"n_files":1,"n_statements":173,"n_excluded":0,"n_missing":10,"n_branches":46,"n_partial_branches":1,"n_missing_branches":1}}},"z_0686341fde005b94_test_json_tag_py":{"hash":"1df33e18914fa63d47b3351bdec2b2cd","index":{"url":"z_0686341fde005b94_test_json_tag_py.html","file":"C:\\dev\\LOG3430\\TP1\\flask-main\\flask-main\\tests\\test_json_tag.py","description":"","nums":{"precision":0,"n_files":1,"n_statements":50,"n_excluded":0,"n_missing":0,"n_branches":2,"n_partial_branches":0,"n_missing_branches":0}}},"z_0686341fde005b94_test_logging_py":{"hash":"f380d93eb54bd13ffd90c14a17d6ad9c","index":{"url":"z_0686341fde005b94_test_logging_py.html","file":"C:\\dev\\LOG3430\\TP1\\flask-main\\flask-main\\tests\\test_logging.py","description":"","nums":{"precision":0,"n_files":1,"n_statements":69,"n_excluded":0,"n_missing":0,"n_branches":10,"n_partial_branches":1,"n_missing_branches":1}}},"z_0686341fde005b94_test_regression_py":{"hash":"10ab61088e3d40f8211e7823737d6e24","index":{"url":"z_0686341fde005b94_test_regression_py.html","file":"C:\\dev\\LOG3430\\TP1\\flask-main\\flask-main\\tests\\test_regression.py","description":"","nums":{"precision":0,"n_files":1,"n_statements":21,"n_excluded":0,"n_missing":1,"n_branches":10,"n_partial_branches":1,"n_missing_branches":1}}},"z_0686341fde005b94_test_reqctx_py":{"hash":"69dcc1c78ee5342fd054dd89bbbbc1a7","index":{"url":"z_0686341fde005b94_test_reqctx_py.html","file":"C:\\dev\\LOG3430\\TP1\\flask-main\\flask-main\\tests\\test_reqctx.py","description":"","nums":{"precision":0,"n_files":1,"n_statements":216,"n_excluded":0,"n_missing":43,"n_branches":68,"n_partial_branches":0,"n_missing_branches":8}}},"z_0686341fde005b94_test_session_interface_py":{"hash":"0685d1d7d627c80fd12b37d950ae1248","index":{"url":"z_0686341fde005b94_test_session_interface_py.html","file":"C:\\dev\\LOG3430\\TP1\\flask-main\\flask-main\\tests\\test_session_interface.py","description":"","nums":{"precision":0,"n_files":1,"n_statements":17,"n_excluded":0,"n_missing":1,"n_branches":2,"n_partial_branches":0,"n_missing_branches":0}}},"z_0686341fde005b94_test_signals_py":{"hash":"8a3851ce4f896ec4e57b31bb012ca407","index":{"url":"z_0686341fde005b94_test_signals_py.html","file":"C:\\dev\\LOG3430\\TP1\\flask-main\\flask-main\\tests\\test_signals.py","description":"","nums":{"precision":0,"n_files":1,"n_statements":126,"n_excluded":0,"n_missing":0,"n_branches":20,"n_partial_branches":0,"n_missing_branches":0}}},"z_0686341fde005b94_test_subclassing_py":{"hash":"7c108fad11c8db0960e10326737cf83f","index":{"url":"z_0686341fde005b94_test_subclassing_py.html","file":"C:\\dev\\LOG3430\\TP1\\flask-main\\flask-main\\tests\\test_subclassing.py","description":"","nums":{"precision":0,"n_files":1,"n_statements":15,"n_excluded":0,"n_missing":0,"n_branches":2,"n_partial_branches":0,"n_missing_branches":0}}},"z_0686341fde005b94_test_templating_py":{"hash":"2e636e0fba133ea79ca481bdef4ead0c","index":{"url":"z_0686341fde005b94_test_templating_py.html","file":"C:\\dev\\LOG3430\\TP1\\flask-main\\flask-main\\tests\\test_templating.py","description":"","nums":{"precision":0,"n_files":1,"n_statements":279,"n_excluded":0,"n_missing":0,"n_branches":60,"n_partial_branches":0,"n_missing_branches":0}}},"z_0686341fde005b94_test_testing_py":{"hash":"af689c836d3f4844174124aea260d19f","index":{"url":"z_0686341fde005b94_test_testing_py.html","file":"C:\\dev\\LOG3430\\TP1\\flask-main\\flask-main\\tests\\test_testing.py","description":"","nums":{"precision":0,"n_files":1,"n_statements":274,"n_excluded":0,"n_missing":2,"n_branches":96,"n_partial_branches":2,"n_missing_branches":2}}},"z_0686341fde005b94_test_user_error_handler_py":{"hash":"ed69db0aa14ee941be17e3d4fddd68c7","index":{"url":"z_0686341fde005b94_test_user_error_handler_py.html","file":"C:\\dev\\LOG3430\\TP1\\flask-main\\flask-main\\tests\\test_user_error_handler.py","description":"","nums":{"precision":0,"n_files":1,"n_statements":203,"n_excluded":0,"n_missing":0,"n_branches":82,"n_partial_branches":0,"n_missing_branches":0}}},"z_0686341fde005b94_test_views_py":{"hash":"332a4fb86ce0301f06c933b283d582e9","index":{"url":"z_0686341fde005b94_test_views_py.html","file":"C:\\dev\\LOG3430\\TP1\\flask-main\\flask-main\\tests\\test_views.py","description":"","nums":{"precision":0,"n_files":1,"n_statements":177,"n_excluded":0,"n_missing":9,"n_branches":2,"n_partial_branches":0,"n_missing_branches":0}}}}}